metric_identifier,custom:answer_correctness,ragas:context_precision_without_reference,ragas:context_relevance,ragas:faithfulness,ragas:response_relevancy
custom:answer_correctness,1.0,-0.3208857803877489,-0.01756706780034342,-0.20802659375742683,0.017881678573300582
ragas:context_precision_without_reference,-0.3208857803877489,1.0,0.7666038718652294,0.6764872521227672,0.2865923030835132
ragas:context_relevance,-0.01756706780034342,0.7666038718652294,1.0,0.4641669443724681,0.25685058345704087
ragas:faithfulness,-0.20802659375742683,0.6764872521227672,0.4641669443724681,1.0,
ragas:response_relevancy,0.017881678573300582,0.2865923030835132,0.25685058345704087,,1.0
