metric_identifier,custom:answer_correctness,ragas:context_precision_without_reference,ragas:context_relevance,ragas:faithfulness,ragas:response_relevancy
custom:answer_correctness,1.0,-0.20261004805890073,0.055734745258463725,-0.2669749055382637,0.2138383219396058
ragas:context_precision_without_reference,-0.20261004805890073,1.0,0.6978767357678513,0.71601606961726,0.3450226464010925
ragas:context_relevance,0.055734745258463725,0.6978767357678513,1.0,0.5400617248673217,0.2568505834570407
ragas:faithfulness,-0.2669749055382637,0.71601606961726,0.5400617248673217,1.0,
ragas:response_relevancy,0.2138383219396058,0.3450226464010925,0.2568505834570407,,1.0
