metric_identifier,custom:answer_correctness,ragas:context_precision_without_reference,ragas:context_relevance,ragas:faithfulness,ragas:response_relevancy
custom:answer_correctness,1.0,-0.15166283597502414,0.050507627227610534,-0.20676638990643656,0.1967223688411584
ragas:context_precision_without_reference,-0.15166283597502414,1.0,0.5630195538025938,0.567151590087287,0.2918270160877775
ragas:context_relevance,0.050507627227610534,0.5630195538025938,1.0,0.44084100991162395,0.2449894717530557
ragas:faithfulness,-0.20676638990643656,0.567151590087287,0.44084100991162395,1.0,
ragas:response_relevancy,0.1967223688411584,0.2918270160877775,0.2449894717530557,,1.0
