metric_identifier,custom:answer_correctness,ragas:context_precision_without_reference,ragas:context_relevance,ragas:faithfulness,ragas:response_relevancy
custom:answer_correctness,1.0,-0.02537257752595306,0.15457051935781754,0.03383953889087937,0.18387927933061116
ragas:context_precision_without_reference,-0.02537257752595306,1.0,0.6863183093898537,0.27414220437386816,0.41326693898743877
ragas:context_relevance,0.15457051935781754,0.6863183093898537,1.0,-0.20847903601298484,0.2786522184076944
ragas:faithfulness,0.03383953889087937,0.27414220437386816,-0.20847903601298484,1.0,0.34438552097055586
ragas:response_relevancy,0.18387927933061116,0.41326693898743877,0.2786522184076944,0.34438552097055586,1.0
