metric_identifier,custom:answer_correctness,ragas:context_precision_without_reference,ragas:context_relevance,ragas:faithfulness,ragas:response_relevancy
custom:answer_correctness,1.0,-0.05322088893361835,0.03676694226146436,0.14041684012859076,0.007613207886972451
ragas:context_precision_without_reference,-0.05322088893361835,1.0,0.7835465853736602,0.11656996952450677,0.3045378906848798
ragas:context_relevance,0.03676694226146436,0.7835465853736602,1.0,-0.26215788506900956,0.2809655029007108
ragas:faithfulness,0.14041684012859076,0.11656996952450677,-0.26215788506900956,1.0,0.3404924588060899
ragas:response_relevancy,0.007613207886972451,0.3045378906848798,0.2809655029007108,0.3404924588060899,1.0
