metric_identifier,custom:answer_correctness,ragas:context_precision_without_reference,ragas:context_relevance,ragas:faithfulness,ragas:response_relevancy
custom:answer_correctness,1.0,-0.11386791096203647,4.909158510170858e-16,0.045542114924731904,0.014324501419784724
ragas:context_precision_without_reference,-0.11386791096203647,1.0,0.7974433692046127,0.26657342044425386,0.2727593246516763
ragas:context_relevance,4.909158510170858e-16,0.7974433692046127,1.0,-0.06465561093069731,0.25685058345704087
ragas:faithfulness,0.045542114924731904,0.26657342044425386,-0.06465561093069731,1.0,0.25719226256281313
ragas:response_relevancy,0.014324501419784724,0.2727593246516763,0.25685058345704087,0.25719226256281313,1.0
