metric_identifier,custom:answer_correctness,ragas:context_precision_without_reference,ragas:context_relevance,ragas:faithfulness,ragas:response_relevancy
custom:answer_correctness,1.0,-0.10026027186612178,0.0763699762464897,-0.06877666116113099,0.17836650794011905
ragas:context_precision_without_reference,-0.10026027186612178,1.0,0.5784447730520355,0.3252542041843473,0.3175536744149779
ragas:context_relevance,0.0763699762464897,0.5784447730520355,1.0,-0.05383168918662895,0.2449894717530557
ragas:faithfulness,-0.06877666116113099,0.3252542041843473,-0.05383168918662895,1.0,0.26242441010441725
ragas:response_relevancy,0.17836650794011905,0.3175536744149779,0.2449894717530557,0.26242441010441725,1.0
