metric_identifier,custom:answer_correctness,ragas:context_precision_without_reference,ragas:context_relevance,ragas:faithfulness,ragas:response_relevancy
custom:answer_correctness,1.0,-0.1209002809187408,0.08948747402853657,-0.06813562754909569,0.1930423948585767
ragas:context_precision_without_reference,-0.1209002809187408,1.0,0.7027851131634045,0.4221074261135827,0.3724864372569699
ragas:context_relevance,0.08948747402853657,0.7027851131634045,1.0,-0.07444097353916418,0.2568505834570407
ragas:faithfulness,-0.06813562754909569,0.4221074261135827,-0.07444097353916418,1.0,0.28943919651790573
ragas:response_relevancy,0.1930423948585767,0.3724864372569699,0.2568505834570407,0.28943919651790573,1.0
