metric_identifier,custom:answer_correctness,ragas:context_precision_without_reference,ragas:context_relevance,ragas:faithfulness,ragas:response_relevancy
custom:answer_correctness,1.0,-0.02519763153394848,0.13047128000855077,0.009664655553706583,0.16933350266692068
ragas:context_precision_without_reference,-0.02519763153394848,1.0,0.5543218625245872,0.20814536170751838,0.3508232077228117
ragas:context_relevance,0.13047128000855077,0.5543218625245872,1.0,-0.17405028310295284,0.2654651635481739
ragas:faithfulness,0.009664655553706583,0.20814536170751838,-0.17405028310295284,1.0,0.3156679052661108
ragas:response_relevancy,0.16933350266692068,0.3508232077228117,0.2654651635481739,0.3156679052661108,1.0
